City,Country,Lat,Lng,Max Temp,Humidity,Cloudiness,Wind Speed,Current Description
Waitangi,NZ,-43.9535,-176.5597,60.82,83,100,1.01,overcast clouds
Andergrove,AU,-21.0833,149.1833,75.0,81,82,19.62,broken clouds
Port-Aux-Francais,TF,-49.35,70.2167,46.42,88,100,32.66,overcast clouds
Praia Da Vitoria,PT,38.7333,-27.0667,59.25,77,75,3.44,broken clouds
Touros,BR,-5.1989,-35.4608,81.66,79,53,11.56,broken clouds
Sittwe,MM,20.15,92.9,77.86,88,46,6.26,scattered clouds
Saudarkrokur,IS,65.7461,-19.6394,27.0,80,100,1.72,overcast clouds
Tura,IN,25.5198,90.2201,74.48,73,88,8.25,light rain
Grytviken,GS,-54.2811,-36.5092,36.84,98,100,14.09,light rain
Afaahiti,PF,-17.75,-149.2833,79.74,82,83,18.63,light rain
Badger,US,64.8,-147.5333,32.38,44,0,3.44,clear sky
Georgetown,MY,5.4112,100.3354,80.53,82,20,3.44,few clouds
Bethel,US,41.3712,-73.414,52.74,70,97,5.99,overcast clouds
Dudinka,RU,69.4058,86.1778,23.09,86,100,16.89,overcast clouds
Ponta Delgada,PT,37.7333,-25.6667,60.19,67,75,8.05,broken clouds
Kingston,JM,17.997,-76.7936,81.55,69,33,8.05,scattered clouds
Lorengau,PG,-2.0226,147.2712,82.08,82,100,16.28,overcast clouds
Kokopo,PG,-4.352,152.2633,79.05,86,100,14.14,light rain
Dogondoutchi,NE,13.6393,4.0287,84.99,10,62,9.6,broken clouds
Queenstown,ZA,-31.8976,26.8753,63.36,89,65,5.03,light rain
Hadibu,YE,12.65,54.0333,79.14,74,79,2.53,broken clouds
Mil'Kovo,RU,55.6078,37.7956,46.31,59,32,6.85,scattered clouds
Maintirano,MG,-18.0667,44.0167,77.88,82,2,4.65,clear sky
Kudahuvadhoo,MV,2.6708,72.8944,83.03,72,96,6.51,overcast clouds
Adamstown,PN,-25.066,-130.1015,76.3,67,90,17.52,overcast clouds
Iskateley,RU,67.6803,53.1512,20.32,91,6,8.46,clear sky
Bathsheba,BB,13.2167,-59.5167,81.21,69,20,19.57,few clouds
Ushuaia,AR,-54.8,-68.3,47.86,71,75,24.16,broken clouds
Yellowknife,CA,62.456,-114.3525,23.56,54,75,8.05,broken clouds
Albany,US,42.6001,-73.9662,56.91,62,100,1.99,overcast clouds
Betulia,CO,6.1128,-75.9838,66.34,75,90,3.96,overcast clouds
Lompoc,US,34.6391,-120.4579,87.01,16,0,12.66,clear sky
Buka,UZ,40.8108,69.1986,59.07,92,100,0.74,overcast clouds
Margaret River,AU,-33.95,115.0667,61.41,78,99,7.72,overcast clouds
Thompson,CA,55.7435,-97.8558,42.96,33,75,3.44,broken clouds
Vadso,NO,70.0744,29.7487,28.56,74,0,6.91,light snow
Laguna,US,38.421,-121.4238,81.03,29,0,4.61,clear sky
Guerrero Negro,MX,27.9769,-114.0611,76.46,44,76,13.78,broken clouds
Venado,MX,22.9333,-101.0833,84.67,21,16,15.28,few clouds
Sos'Va,RU,59.1766,61.8558,44.87,87,82,7.29,broken clouds
Hawaiian Paradise Park,US,19.5933,-154.9731,79.02,61,20,9.22,few clouds
Puerto Natales,CL,-51.7236,-72.4875,55.85,50,0,9.22,clear sky
Olonkinbyen,SJ,70.9221,-8.7187,24.39,58,46,6.55,scattered clouds
Bemidji,US,47.4736,-94.8803,31.05,93,100,11.5,light snow
Santana,BR,-0.0583,-51.1817,80.78,89,75,8.05,broken clouds
Aasiaat,GL,68.7098,-52.8699,10.44,91,100,7.94,overcast clouds
Howard Springs,AU,-12.497,131.047,76.91,100,84,4.43,broken clouds
Edinburgh Of The Seven Seas,SH,-37.0676,-12.3116,62.64,84,96,9.24,overcast clouds
Korla,CN,41.7597,86.1469,63.57,22,16,15.28,few clouds
Altay,CN,47.8667,88.1167,43.36,24,0,9.1,clear sky
Longyearbyen,SJ,78.2186,15.6401,3.04,78,20,10.36,few clouds
Stornoway,GB,58.2093,-6.3865,38.08,90,75,21.85,light rain
Lihue,US,21.9789,-159.3672,76.73,57,0,16.11,clear sky
Ola,RU,59.5833,151.2833,28.53,96,99,6.44,light snow
Blackmans Bay,AU,-43.0167,147.3167,42.93,93,0,4.97,clear sky
Chifeng,CN,42.2683,118.9636,40.98,47,29,15.82,scattered clouds
Oebisfelde,DE,52.4333,10.9833,53.06,53,85,8.88,overcast clouds
Puerto Ayora,EC,-0.7393,-90.3518,82.54,89,54,4.0,broken clouds
Yorkton,CA,51.2167,-102.4677,37.24,75,0,13.8,clear sky
Palafrugell,ES,41.9174,3.1631,56.32,68,8,5.91,clear sky
Ugoofaaru,MV,5.6667,73.0,82.45,69,50,2.48,scattered clouds
Utrik,MH,11.2278,169.8474,81.88,77,88,21.7,light rain
Siwa Oasis,EG,29.2041,25.5195,68.31,25,0,10.18,clear sky
Punta Arenas,CL,-53.15,-70.9167,51.91,58,20,17.27,few clouds
Infanta,PH,14.7425,121.6494,78.35,77,3,6.31,clear sky
Palu,ID,-0.8917,119.8707,73.44,96,36,3.58,scattered clouds
Acapulco De Juarez,MX,16.8634,-99.8901,87.62,69,40,11.5,scattered clouds
Revda,RU,56.801,59.9303,41.4,96,100,8.25,overcast clouds
Nikolayevsk-On-Amure,RU,53.1406,140.73,20.66,85,36,1.36,scattered clouds
Cidreira,BR,-30.1811,-50.2056,77.07,81,51,6.98,broken clouds
Papatowai,NZ,-46.5619,169.4708,52.79,82,100,10.89,overcast clouds
Nabire,ID,-3.3667,135.4833,75.2,92,95,2.42,overcast clouds
Hithadhoo,MV,-0.6,73.0833,82.94,71,100,4.99,overcast clouds
Fale Old Settlement,TK,-9.3852,-171.2468,82.72,78,100,7.99,light rain
Maceio,BR,-9.6658,-35.7353,80.04,89,40,5.75,scattered clouds
Hasaki,JP,35.7333,140.8333,65.84,88,100,27.09,overcast clouds
Vuokatti,FI,64.146,28.2697,32.31,93,42,3.94,scattered clouds
Xianning,CN,29.8833,114.2167,63.19,80,99,4.29,overcast clouds
San Patricio,US,28.017,-97.5169,84.15,65,100,15.39,overcast clouds
Invercargill,NZ,-46.4,168.35,52.02,86,100,5.01,overcast clouds
Port Elizabeth,ZA,-33.918,25.5701,68.31,80,17,1.01,few clouds
Nemuro,JP,43.3236,145.575,41.05,99,100,18.79,light rain
Whakatane,NZ,-37.9585,176.9854,63.09,66,100,2.93,overcast clouds
Port-Vila,VU,-17.7338,168.3219,82.0,83,40,6.91,scattered clouds
Wailua Homesteads,US,22.0669,-159.378,76.12,65,0,16.11,clear sky
Mulki,IN,13.1,74.8,81.68,83,40,3.44,scattered clouds
Ribeira Grande,PT,38.5167,-28.7,61.2,77,75,12.66,light rain
Sur,OM,22.5667,59.5289,78.71,49,96,5.95,overcast clouds
Kattivakkam,IN,13.2167,80.3167,85.06,81,77,10.42,broken clouds
Geraldton,AU,-28.7667,114.6,63.01,94,41,3.44,scattered clouds
Port Alfred,ZA,-33.5906,26.891,66.18,92,74,12.44,broken clouds
Arraial Do Cabo,BR,-22.9661,-42.0278,78.66,83,75,4.61,broken clouds
Vilyuchinsk,RU,52.9306,158.4028,32.27,73,27,9.51,scattered clouds
Cimarron Hills,US,38.8586,-104.6989,57.34,27,0,11.5,clear sky
Acajutla,SV,13.5928,-89.8275,88.32,66,8,8.79,clear sky
Morondava,MG,-20.2833,44.2833,79.45,77,1,1.32,light rain
Tucurui,BR,-3.7661,-49.6725,76.78,92,96,2.64,overcast clouds
Saipan,MP,15.1355,145.701,81.3,74,40,21.85,scattered clouds
Rawlins,US,41.7911,-107.2387,51.35,39,75,15.28,broken clouds
Alice Springs,AU,-23.7,133.8833,67.55,68,100,0.0,overcast clouds
Serdar,TM,38.9764,56.2757,69.87,36,89,7.9,overcast clouds
Minas De Marcona,PE,-15.2119,-75.1103,69.22,62,66,15.68,broken clouds
Uliastay,MN,47.7417,96.8444,27.9,55,48,4.21,scattered clouds
Krasnoshchekovo,RU,51.6708,82.7289,45.36,74,83,4.63,broken clouds
Hobyo,SO,5.3505,48.5268,81.68,68,0,11.68,clear sky
Isafjordur,IS,66.0755,-23.124,25.77,70,89,3.02,overcast clouds
Fort Bragg,US,35.139,-79.006,83.75,51,33,14.72,scattered clouds
Hermanus,ZA,-34.4187,19.2345,63.43,82,2,6.96,clear sky
Broken Hill,AU,-31.95,141.4333,64.22,31,30,9.48,scattered clouds
Constantia,RO,44.1833,28.65,48.07,76,24,8.63,few clouds
Lujan,AR,-34.5703,-59.105,62.94,62,8,4.0,clear sky
Kodiak,US,57.79,-152.4072,29.71,93,100,11.5,mist
Princeville,CA,45.7668,-61.2985,32.54,75,75,13.8,light snow
Muntok,ID,-2.0667,105.1833,78.15,85,57,2.46,broken clouds
Kangiwa,NG,12.5521,3.8187,85.96,12,47,7.52,scattered clouds
Myeik,MM,12.4333,98.6,79.07,75,100,3.98,overcast clouds
Altai,MN,46.3722,96.2583,29.37,40,16,2.73,few clouds
Quelimane,MZ,-17.8786,36.8883,75.15,94,75,3.74,broken clouds
Ust'-Ilimsk,RU,58.0006,102.6619,4.19,98,29,3.22,scattered clouds
Cabo San Lucas,MX,22.8909,-109.9124,84.51,59,40,11.5,scattered clouds
Blagoveshchenka,RU,52.8333,79.8667,38.66,82,100,9.33,overcast clouds
Brookings,US,44.3114,-96.7984,40.17,74,100,25.32,overcast clouds
Xinqing,CN,48.2333,129.5,28.81,54,19,2.37,few clouds
Labytnangi,RU,66.6572,66.4183,28.35,85,94,8.88,overcast clouds
College,US,64.8569,-147.8028,32.47,39,0,3.44,clear sky
Sona,IT,45.4388,10.8255,54.52,58,0,4.61,clear sky
Klyuchi,RU,52.2667,79.1667,43.92,76,100,9.84,overcast clouds
Pandan,PH,14.0453,124.1694,75.43,87,30,1.9,scattered clouds
Stanley,GB,54.868,-1.6985,48.07,81,20,23.02,few clouds
I-N-Salah,DZ,27.1935,2.4607,68.58,17,0,9.89,clear sky
Gimbi,ET,9.1667,35.8333,59.97,88,96,3.6,moderate rain
Ilhabela,BR,-23.7781,-45.3581,74.88,89,6,3.24,clear sky
Bikenibeu Village,KI,1.3673,173.1241,84.16,79,100,14.97,overcast clouds
Tocopilla,CL,-22.092,-70.1979,70.59,69,13,1.86,few clouds
Bhandaria,BD,22.4861,90.0609,76.57,92,96,5.84,overcast clouds
Plaza Huincul,AR,-38.926,-69.2086,57.69,36,68,18.41,broken clouds
Iqaluit,CA,63.7506,-68.5145,-0.31,64,75,9.22,broken clouds
Usogorsk,RU,63.4106,48.6872,24.1,95,70,4.5,broken clouds
Cascais,PT,38.6979,-9.4215,65.55,80,59,3.0,broken clouds
Bredasdorp,ZA,-34.5322,20.0403,61.97,80,0,4.85,clear sky
Tabas,IR,33.5959,56.9244,66.78,48,56,8.72,light rain
Jamestown,US,42.097,-79.2353,80.24,44,40,16.11,scattered clouds
Machachi,EC,-0.5,-78.5667,56.17,93,100,1.48,light rain
Aras-Asan,PH,8.8908,126.3033,75.33,84,31,2.35,scattered clouds
Codrington,AU,-38.2667,141.9667,51.71,83,100,7.52,overcast clouds
Nyurba,RU,63.2842,118.3319,-10.53,100,95,1.41,overcast clouds
Urangan,AU,-25.3,152.9,68.25,96,10,3.0,clear sky
Yeniseysk,RU,58.4497,92.1703,33.28,98,100,7.4,overcast clouds
Qaqortoq,GL,60.7167,-46.0333,14.76,81,66,2.71,broken clouds
Natal,BR,-5.795,-35.2094,82.62,78,40,9.22,scattered clouds
Leer,DE,53.2316,7.461,53.94,81,58,17.87,broken clouds
Parry Sound,CA,45.3501,-80.033,37.45,93,100,16.08,light rain
Bereznik,RU,62.8551,42.7072,32.47,84,99,4.54,overcast clouds
East London,ZA,-33.0153,27.9116,70.38,84,98,12.21,overcast clouds
Sarichioi,RO,44.95,28.85,44.82,87,11,3.44,few clouds
Talnakh,RU,69.4865,88.3972,16.21,90,100,11.63,overcast clouds
Lebu,CL,-37.6167,-73.65,57.42,71,69,11.41,broken clouds
Bel Ombre,SC,-4.6167,55.4167,82.24,78,20,5.75,few clouds
Carlsbad,US,33.1581,-117.3506,87.33,41,0,14.97,clear sky
Antonio Enes,MZ,-16.2325,39.9086,72.95,81,0,8.95,clear sky
Joshimath,IN,30.5667,79.5667,43.95,64,100,6.62,overcast clouds
Keflavik,IS,64.0049,-22.5624,30.63,86,40,6.91,scattered clouds
Broome,US,42.2506,-75.833,72.43,65,40,11.5,scattered clouds
Tiksi,RU,71.6872,128.8694,0.77,96,100,2.13,overcast clouds
Hassi Messaoud,DZ,31.6804,6.0729,62.46,31,0,2.3,clear sky
Enewetak,MH,11.3474,162.3373,81.68,82,76,26.75,broken clouds
Nova Sintra,CV,14.8667,-24.7167,72.21,86,0,21.05,clear sky
Isangel,VU,-19.55,169.2667,82.51,83,75,10.36,broken clouds
Cadale,SO,2.7603,46.3222,82.45,70,15,10.71,few clouds
Mogadishu,SO,2.0371,45.3438,81.48,76,45,13.65,scattered clouds
Reggane,DZ,26.7158,0.1714,74.57,16,0,8.55,clear sky
Abra Pampa,AR,-22.7205,-65.697,59.58,38,9,12.97,clear sky
West Island,CC,-12.1568,96.8225,80.58,83,21,12.66,few clouds
San Sebastian De La Gomera,ES,28.0916,-17.1133,66.56,88,0,2.3,clear sky
Yuzhno-Kurilsk,RU,44.0306,145.8556,38.1,100,100,8.34,overcast clouds
Haikou,CN,20.0458,110.3417,78.93,89,75,2.24,broken clouds
Port Mathurin,MU,-19.6833,63.4167,78.89,78,20,6.91,few clouds
Xianshuigu,CN,38.985,117.3828,42.8,87,3,6.71,clear sky
Arno,SE,60.1167,18.6333,36.23,87,100,13.94,overcast clouds
Mamuju,ID,-2.6748,118.8885,76.44,88,71,3.49,broken clouds
Valparaiso,CL,-33.0393,-71.6273,66.76,60,0,16.11,clear sky
Porto Novo,BJ,6.4965,2.6036,82.22,80,99,3.6,overcast clouds
Kushtagi,IN,15.7667,76.2,78.03,49,100,12.41,overcast clouds
Quellon,CL,-43.1167,-73.6167,52.83,74,16,9.15,few clouds
Sandnessjoen,NO,66.0217,12.6316,41.41,75,100,16.11,overcast clouds
Glace Bay,CA,46.1969,-59.957,30.96,80,40,21.85,light snow
Whitehorse,CA,60.7161,-135.0538,39.97,44,75,11.5,broken clouds
Sao Fidelis,BR,-21.6461,-41.7469,77.59,89,53,3.02,moderate rain
Griffith,US,41.5284,-87.4237,49.84,75,100,21.85,overcast clouds
Kill Devil Hills,US,36.0307,-75.676,75.22,64,0,16.11,clear sky
Ghat,LY,24.9647,10.1728,64.63,19,13,16.22,few clouds
Tralee,IE,52.2704,-9.7026,41.97,93,98,15.37,light rain
Bor,RU,56.3567,44.0669,40.93,80,60,4.83,broken clouds
Kudymkar,RU,59.0173,54.656,38.66,93,100,7.99,overcast clouds
Heinola,FI,61.2056,26.0381,34.27,93,98,3.51,overcast clouds
Isiklar,TR,36.9942,40.1264,49.89,86,8,6.67,clear sky
Coquimbo,CL,-29.9533,-71.3436,64.13,77,20,11.5,few clouds
Tarko-Sale,RU,64.9225,77.785,33.73,99,100,9.73,overcast clouds
Vila Velha,BR,-20.3297,-40.2925,80.55,83,40,11.5,scattered clouds
Gadzhiyevo,RU,69.2551,33.3362,31.64,89,99,9.6,overcast clouds
Nesterov,RU,54.6306,22.5714,40.12,72,5,16.75,clear sky
Dwarka,IN,22.2394,68.9678,76.66,61,74,11.34,broken clouds
Petropavlovsk-Kamchatsky,RU,53.0452,158.6483,32.59,51,40,15.66,scattered clouds
Gulf Shores,US,30.246,-87.7008,81.28,75,40,9.22,scattered clouds
Fisterra,ES,42.9049,-9.2629,53.42,81,5,4.99,clear sky
Portland,US,45.5234,-122.6762,73.92,44,53,5.01,broken clouds
Al Ain City,AE,24.1917,55.7606,74.55,51,92,4.9,overcast clouds
Cockburn Town,TC,21.4612,-71.1419,78.76,83,75,17.27,light rain
Oeiras Do Para,BR,-2.0031,-49.8544,76.05,96,91,3.2,light rain
La'Ie,US,21.6477,-157.9253,79.95,63,6,11.01,clear sky
Boende,CD,-0.2167,20.8667,72.75,89,100,2.89,overcast clouds
Aykhal,RU,66.0,111.5,-5.66,100,99,6.96,overcast clouds
Bilari,IN,28.6333,78.8,69.42,66,100,7.0,overcast clouds
Kiunga,PG,-6.1219,141.2906,71.42,99,100,5.91,overcast clouds
Clearlake,US,38.9582,-122.6264,78.82,26,100,6.38,overcast clouds
N'Zeto,AO,-7.2312,12.8666,78.21,84,100,6.26,overcast clouds
Beloyarskiy,RU,63.7119,66.6722,34.05,99,100,6.24,overcast clouds
Natchitoches,US,31.7668,-93.1335,76.98,73,100,8.05,heavy intensity rain
Tazacorte,ES,28.629,-17.9293,65.16,92,40,6.91,scattered clouds
Hammerfest,NO,70.6634,23.6821,30.65,69,75,9.22,broken clouds
Puerto San Jose,GT,13.9256,-90.8244,90.52,66,19,12.33,few clouds
Fortuna,US,40.5982,-124.1573,72.93,60,0,13.8,clear sky
Daru,PG,-9.0763,143.2092,80.56,82,100,8.88,overcast clouds
Okahandja,NA,-21.9833,16.9167,73.38,36,80,7.0,broken clouds
Argo,GR,37.6333,22.7333,52.43,93,64,4.85,broken clouds
'Ain El Turk,DZ,35.7438,-0.7693,56.08,76,0,5.75,clear sky
Udachny,RU,66.4167,112.4,-5.78,100,93,5.57,overcast clouds
Strelka,RU,58.0728,93.0344,32.79,99,100,6.26,overcast clouds
Ballina,AU,-28.8667,153.5667,66.61,79,100,19.53,overcast clouds
Mabaruma,GY,8.2,-59.7833,75.2,94,75,0.0,broken clouds
Bargaal,SO,11.2864,51.0773,80.17,79,78,5.57,broken clouds
Moussoro,TD,13.6408,16.4901,87.26,31,99,7.56,overcast clouds
Faya-Largeau,TD,17.9257,19.1043,85.8,11,100,17.38,overcast clouds
Laojunmiao,CN,39.8333,97.7333,42.37,17,10,2.86,clear sky
Szczebrzeszyn,PL,50.695,22.9795,46.54,89,100,7.78,overcast clouds
Khandyga,RU,62.6667,135.6,13.24,97,97,0.56,overcast clouds
Berezovyy,RU,51.6667,135.7,25.5,74,55,1.83,broken clouds
Barcelos,PT,41.5388,-8.6151,52.88,82,91,3.04,overcast clouds
Oranjemund,NA,-28.55,16.4333,60.91,95,8,9.93,clear sky
Godean,ID,-7.7697,110.2939,76.21,99,97,2.39,overcast clouds
Lusambo,CD,-4.9667,23.45,68.9,100,100,2.53,light rain
Jiujiang,CN,29.7333,115.9833,60.8,89,60,5.39,broken clouds
Ta`U,AS,-14.2336,-169.5144,82.72,74,99,8.63,overcast clouds
Batticaloa,LK,7.7102,81.6924,78.39,85,86,3.91,overcast clouds
El Calafate,AR,-50.3408,-72.2768,46.85,86,22,7.27,few clouds
Mugia,ES,43.1041,-9.2179,48.9,83,0,1.41,clear sky
Zhoushan,CN,30.0108,122.2047,56.25,96,15,11.21,few clouds
Belem De Sao Francisco,BR,-8.7539,-38.9658,84.97,51,16,20.38,few clouds
Bayanhongor,MN,46.7167,100.1167,20.44,63,1,2.62,clear sky
Sitka,US,57.0531,-135.33,42.69,81,100,4.61,light rain
Saint-Philippe,RE,-21.3585,55.7679,75.38,75,19,8.84,few clouds
Robore,BO,-18.3333,-59.75,69.35,90,94,2.57,overcast clouds
Tadine,NC,-21.55,167.8833,80.82,76,20,10.89,few clouds
Saint-Pathus,FR,49.0714,2.7989,58.46,74,0,14.97,clear sky
Tual,ID,-5.6667,132.75,81.72,75,97,2.62,overcast clouds
Belmonte,BR,-15.8631,-38.8828,77.5,89,30,7.25,scattered clouds
Viedma,AR,-40.8135,-62.9967,55.45,43,0,6.17,clear sky
Namibe,AO,-15.1961,12.1522,75.85,87,98,4.65,moderate rain
Chumphon,TH,10.3333,98.8333,71.76,96,99,2.01,overcast clouds
Vung Tau,VN,10.346,107.0843,79.32,81,10,6.17,clear sky
Santa Maria Da Boa Vista,BR,-8.8078,-39.8256,85.55,38,8,10.38,clear sky
Kerch,UA,45.3583,36.4758,50.45,92,100,6.44,overcast clouds
Ancud,CL,-41.8697,-73.8203,55.63,69,97,2.66,overcast clouds
Itamaraca,BR,-7.7478,-34.8256,82.24,84,14,6.76,few clouds
Mili,MH,6.0815,171.735,81.54,81,98,18.81,moderate rain
Lindi,TZ,-10.0,39.7167,72.88,97,41,4.25,scattered clouds
Dubbo,AU,-32.25,148.6167,62.73,72,75,11.5,broken clouds
Tazovsky,RU,67.4667,78.7,31.89,99,100,8.72,snow
Constitucion,CL,-35.3333,-72.4167,60.91,67,65,12.59,broken clouds
Selfoss,IS,63.9331,-20.9971,22.05,75,22,6.8,few clouds
Trondheim,NO,63.4305,10.3951,36.99,71,49,3.0,scattered clouds
Pont Rouge,CA,48.8833,-72.0825,31.12,91,100,8.61,overcast clouds
Isla Del Bosque,MX,22.7333,-105.85,83.1,56,50,13.49,scattered clouds
Santa Cruz,BO,-17.8,-63.1667,89.65,51,20,2.3,few clouds
Haiku-Pauwela,US,20.9219,-156.3051,78.22,61,20,16.11,moderate rain
Kirensk,RU,57.7853,108.1119,2.8,99,88,0.98,overcast clouds
Iwata,JP,34.7,137.85,62.02,96,100,7.0,overcast clouds
Bilibino,RU,68.0546,166.4372,9.68,80,100,2.86,overcast clouds
Anadyr,RU,64.75,177.4833,3.7,85,40,0.0,mist
Fada,NG,7.25,4.0667,75.29,94,92,5.01,moderate rain
Abaza,RU,52.655,90.0928,35.33,88,48,3.89,scattered clouds
Masterton,NZ,-40.9597,175.6575,59.83,78,100,1.57,overcast clouds
Desaguadero,PE,-16.5656,-69.0417,51.4,55,39,14.94,scattered clouds
Onega,RU,63.9061,38.1404,32.13,84,100,9.28,overcast clouds
Happy Valley-Goose Bay,CA,53.3168,-60.3315,25.11,30,20,10.36,few clouds
Nuku'Alofa,TO,-21.1333,-175.2,80.94,78,75,4.61,broken clouds
Richland,US,40.7834,-82.5499,75.11,66,40,31.07,light rain
Bonthe,SL,7.5264,-12.505,77.58,86,1,7.34,clear sky
Mitu,CO,1.1983,-70.1733,76.82,93,100,2.57,overcast clouds
Huarmey,PE,-10.0681,-78.1522,75.09,78,63,8.55,broken clouds
Olinda,BR,-8.0089,-34.8553,76.73,88,75,8.05,mist
As Sulayyil,SA,20.4607,45.5779,84.29,22,1,8.03,clear sky
Qarqaraly,KZ,49.4058,75.4742,47.21,44,100,4.9,overcast clouds
Kasempa,ZM,-13.4584,25.8338,64.63,87,100,4.18,overcast clouds
Ar Ruways,AE,24.1103,52.7306,74.1,70,9,9.33,clear sky
Porangatu,BR,-13.4408,-49.1486,78.22,72,43,1.36,scattered clouds
Sohbatpur,PK,28.5202,68.5434,73.09,42,3,6.62,clear sky
Igarka,RU,67.4667,86.5833,26.55,95,100,21.56,light snow
Chegdomyn,RU,51.1167,133.0167,19.89,79,32,0.89,scattered clouds
Atafu Village,TK,-8.5421,-172.5159,83.19,76,89,9.28,overcast clouds
Laurel,US,39.0993,-76.8483,86.65,55,0,14.97,clear sky
Salinopolis,BR,-0.6136,-47.3561,78.17,90,100,9.98,light rain
Dame-Marie,HT,18.5667,-74.4167,78.69,75,19,5.21,light rain
Kone,NC,-21.0595,164.8658,80.1,77,14,4.07,few clouds
Dosso,NE,13.049,3.1937,85.71,11,76,8.7,broken clouds
Rosarito,MX,32.3333,-117.0333,86.92,58,34,10.98,scattered clouds
La Passe,FR,45.5549,-0.8967,54.9,67,55,6.64,broken clouds
Charters Towers,AU,-20.1,146.2667,70.11,72,22,11.32,few clouds
Pisco,PE,-13.7,-76.2167,80.02,65,0,18.41,clear sky
Novo Horizonte,BR,-21.4681,-49.2208,81.64,60,92,4.9,overcast clouds
Wesselsbron,ZA,-27.8549,26.3658,70.68,48,73,4.59,broken clouds
Weno,FM,7.4515,151.8468,85.32,85,100,10.0,heavy intensity rain
Coahuayana De Hidalgo,MX,18.7,-103.6583,87.17,58,58,7.07,broken clouds
Hamilton,US,39.1834,-84.5333,72.61,82,75,13.8,broken clouds
Nouadhibou,MR,20.931,-17.0347,76.98,57,2,10.36,clear sky
Fuglafjordur,FO,62.244,-6.814,33.94,74,11,5.84,few clouds
Hami,CN,42.8,93.45,57.81,14,0,5.46,clear sky
Zabol,AF,32.25,67.25,45.88,79,16,4.63,few clouds
Agadez,NE,19.75,10.25,74.71,11,75,7.54,broken clouds
Saint-Francois,FR,46.4154,3.9054,51.67,90,0,0.0,clear sky
Al Wajh,SA,26.2455,36.4525,71.55,33,0,3.44,clear sky
Tolanaro,MG,-25.0319,46.9987,73.47,64,75,2.3,broken clouds
Axim,GH,4.8699,-2.2405,79.72,86,9,6.46,clear sky
Avarua,CK,-21.2078,-159.775,84.25,79,75,13.8,broken clouds
Dingcheng,CN,32.1272,115.0394,59.7,83,15,8.25,few clouds
Diawara,SN,15.022,-12.5437,88.36,11,25,9.1,scattered clouds
Holualoa,US,19.6228,-155.9522,76.84,69,0,13.8,clear sky
Rio Grande,BR,-32.035,-52.0986,68.45,84,92,24.07,overcast clouds
Kerikeri,NZ,-35.2268,173.9474,64.58,87,100,9.1,overcast clouds
Hakui,JP,36.8833,136.7833,52.09,92,100,10.51,overcast clouds
Santa Cruz Del Norte,CU,23.1539,-81.9236,78.3,75,0,24.54,clear sky
Uturoa,PF,-16.7333,-151.4333,82.87,76,24,17.52,light rain
Dinan,FR,48.4167,-2.25,53.1,76,92,17.29,overcast clouds
Issa,RU,53.8705,44.8578,43.7,83,22,9.31,few clouds
Bilthra,IN,26.1231,83.8689,81.05,37,100,14.16,overcast clouds
Kristiansund,NO,63.1115,7.732,41.65,56,31,18.41,scattered clouds
Napasar,IN,27.9667,73.55,73.44,38,40,5.3,scattered clouds
Nova Vicosa,BR,-17.8919,-39.3719,77.83,85,62,6.89,broken clouds
Amga,RU,60.8953,131.9608,2.5,100,99,1.36,overcast clouds
Aridaia,GR,40.9731,22.0564,54.88,81,45,10.49,scattered clouds
Nar'Yan-Mar,RU,67.6713,53.087,20.37,91,6,8.5,clear sky
Carnarvon,AU,-24.8667,113.6333,71.24,77,6,13.87,clear sky
Mumford,GH,5.2618,-0.759,81.05,82,22,5.66,few clouds
Olyokminsk,RU,60.3736,120.4264,1.4,99,76,2.17,broken clouds
Bazarak,AF,35.3129,69.5152,33.51,86,94,4.92,overcast clouds
Shahrud,IR,36.4182,54.9763,54.91,61,3,3.44,light rain
Yeed,SO,4.55,43.0333,83.82,55,90,8.63,overcast clouds
Slatina,RO,44.4333,24.3667,51.85,87,4,0.96,clear sky
Walvis Bay,NA,-22.9575,14.5053,67.15,77,6,5.75,clear sky
Bria,CF,6.5423,21.9863,75.43,61,100,2.1,overcast clouds
Howrah,IN,22.5892,88.3103,84.2,74,40,5.75,haze
Tromso,NO,69.6496,18.957,32.02,64,100,2.3,overcast clouds
Sinabang,ID,2.4803,96.3801,79.47,82,34,3.02,scattered clouds
Sabha,LY,27.0377,14.4283,63.59,17,0,10.42,clear sky
Mashhad,IR,36.297,59.6062,59.85,58,89,7.92,heavy intensity rain
Okola,CM,4.0167,11.3833,68.45,97,100,3.62,overcast clouds
Akrehamn,NO,59.2667,5.1833,41.25,75,100,14.97,overcast clouds
Ardestan,IR,33.3761,52.3694,61.9,30,0,16.35,clear sky
Borujen,IR,31.9652,51.2873,43.86,76,1,6.13,clear sky
Morant Bay,JM,17.8815,-76.4093,80.19,78,15,11.79,few clouds
Luderitz,NA,-26.6481,15.1594,66.6,73,0,17.78,clear sky
Gaspe,CA,48.8334,-64.4819,32.22,37,75,8.05,broken clouds
Port Lincoln,AU,-34.7333,135.8667,67.96,72,100,5.35,light rain
Colonia,DE,50.9333,6.95,54.95,80,0,11.5,clear sky
Margate,GB,51.3813,1.3862,53.69,77,100,1.01,overcast clouds
Sao Jose Da Coroa Grande,BR,-8.8978,-35.1478,81.19,82,16,7.4,few clouds
Kapa'A,US,22.0752,-159.319,75.52,68,0,16.11,clear sky
Correntina,BR,-13.3433,-44.6367,77.29,62,100,1.61,overcast clouds
Varkaus,FI,62.3153,27.873,35.69,97,100,3.83,light rain
Lerwick,GB,60.1545,-1.1494,38.26,83,100,22.64,light rain
Ilulissat,GL,69.2167,-51.1,17.62,62,40,3.44,scattered clouds
Puerto Ayacucho,VE,5.6639,-67.6236,88.36,57,96,4.12,overcast clouds
Papao,PF,-17.75,-149.55,85.68,77,26,18.41,scattered clouds
Caleta De Carquin,PE,-11.0925,-77.6267,73.85,78,74,8.05,broken clouds
Chibougamau,CA,49.9168,-74.3659,31.62,64,20,12.66,light snow
Shingu,JP,33.7333,135.9833,61.59,92,93,4.88,overcast clouds
Kapuskasing,CA,49.4169,-82.4331,28.49,100,100,13.8,snow
Taroa,MH,8.7058,171.2275,82.27,77,100,18.19,light rain
Inarajan Village,GU,13.2736,144.7484,82.4,81,35,21.56,scattered clouds
Loja,EC,-3.9931,-79.2042,74.61,39,75,18.41,broken clouds
Evinayong,GQ,1.4368,10.5512,67.46,99,100,0.87,light rain
Acarau,BR,-2.8856,-40.12,80.1,81,58,11.61,broken clouds
Labasa,FJ,-16.4167,179.3833,80.56,79,100,10.16,overcast clouds
Chonchi,CL,-42.6128,-73.8092,57.11,70,66,2.19,broken clouds
Usinsk,RU,65.9939,57.5281,26.35,90,89,10.96,overcast clouds
Okondja,GA,-0.6549,13.6753,70.11,99,100,3.2,overcast clouds
Hauterive,FR,46.0901,3.4459,53.35,88,84,4.63,broken clouds
Kismayo,SO,-0.3582,42.5454,81.93,72,100,11.45,overcast clouds
Jora,IN,26.3333,77.8167,69.85,71,0,5.59,clear sky
Dryden,CA,49.7833,-92.7503,26.89,93,100,9.22,light snow
Mossel Bay,ZA,-34.1831,22.146,66.13,80,51,7.74,broken clouds
Undurkhaan,MN,47.3194,110.6556,19.89,46,32,16.46,scattered clouds
Saynshand,MN,44.8824,110.1163,26.28,41,76,7.94,broken clouds
Forster,AU,-32.1667,152.5167,69.12,63,95,12.33,overcast clouds
Jaunpils,LV,56.7325,23.0136,39.47,73,19,17.92,few clouds
Noumea,NC,-22.2763,166.4572,78.01,84,61,10.38,broken clouds
Ambanja,MG,-13.6833,48.45,73.24,94,52,2.46,light rain
Tynec Nad Sazavou,CZ,49.8335,14.5898,52.92,87,97,6.64,overcast clouds
Hilo,US,19.7297,-155.09,79.23,62,20,9.22,few clouds
Lodhran,PK,29.5405,71.6336,66.51,56,7,6.6,clear sky
Cole Harbour,CA,44.6724,-63.4751,37.96,64,68,16.11,broken clouds
Solnechnyy,RU,50.7214,136.6319,25.2,75,100,5.12,overcast clouds
Kailua-Kona,US,19.6406,-155.9956,80.56,67,0,13.8,clear sky
Lady Frere,ZA,-31.7031,27.2329,62.67,91,81,4.21,broken clouds
Kaduy,RU,59.2,37.15,38.8,96,96,4.61,overcast clouds
Ust-Nera,RU,64.5667,143.2,10.85,90,100,3.98,overcast clouds
Sao Joao Da Barra,BR,-21.6403,-41.0511,80.69,82,96,15.05,overcast clouds
Vallenar,CL,-28.5708,-70.7581,73.09,53,0,5.95,clear sky
Madang,PG,-5.2246,145.7966,77.72,92,94,8.39,overcast clouds
Alaghsas,NE,17.0187,8.0168,76.57,10,64,4.74,broken clouds
Kayangel,PW,8.0823,134.7173,82.13,72,14,14.29,few clouds
Ebon,MH,4.582,168.6964,82.13,79,77,9.19,broken clouds
Susuman,RU,62.7833,148.1667,16.86,91,100,3.67,light snow
Cam Pha Mines,VN,21.0167,107.3,71.74,91,36,1.9,scattered clouds
Zhangye,CN,38.9342,100.4517,47.21,21,2,3.09,clear sky
Luganville,VU,-15.5333,167.1667,81.75,84,100,7.25,overcast clouds
Ad-Damazin,SD,11.7891,34.3592,81.16,59,100,14.52,light rain
Tabarka,TN,36.9544,8.758,56.05,88,40,8.05,scattered clouds
Baruun-Urt,MN,46.6806,113.2792,19.83,41,50,18.3,scattered clouds
Dharur,IN,18.8167,76.1167,76.75,47,93,13.51,overcast clouds
Batang,ID,-6.4846,110.7083,78.28,86,97,4.03,overcast clouds
Mbanza-Ngungu,CD,-5.25,14.8667,66.9,98,100,2.44,light rain
Mawlaik,MM,23.6333,94.4167,71.08,61,10,0.56,clear sky
Trzebinia,PL,50.1593,19.4697,49.08,89,85,5.32,overcast clouds
Kanggye,KP,40.9695,126.5852,36.9,85,6,4.03,clear sky
Sosnovo-Ozerskoye,RU,52.5249,111.5418,2.32,89,6,5.35,clear sky
Eirunepe,BR,-6.6603,-69.8736,83.01,70,86,2.77,overcast clouds
Nacala,MZ,-14.5428,40.6728,71.49,93,3,7.83,clear sky
Tamanrasset,DZ,22.785,5.5228,66.11,10,0,8.05,clear sky
Sinop,TR,41.7711,34.8709,47.05,86,67,3.6,broken clouds
Tarakan,ID,3.3,117.6333,78.3,100,20,2.3,few clouds
Bayindir,TR,38.2174,27.6474,52.23,94,100,1.9,overcast clouds
Marquette,US,46.5333,-87.6335,33.67,95,100,3.0,overcast clouds
Egilsstadir,IS,65.2653,-14.3948,28.31,100,100,6.91,overcast clouds
Khanty-Mansiysk,RU,61.0042,69.0019,35.71,100,100,2.24,fog
Mwanza,TZ,-2.5167,32.9,70.86,72,67,3.98,broken clouds
Lezhe,AL,41.7836,19.6436,55.85,70,0,9.53,clear sky
Puerto Lempira,HN,15.2667,-83.7667,82.26,68,40,12.41,scattered clouds
Talcahuano,CL,-36.7167,-73.1167,65.88,59,0,10.36,clear sky
Narathiwat,TH,6.3333,101.75,75.16,94,10,2.01,clear sky
Camapua,BR,-19.5314,-54.0439,79.92,65,71,3.51,broken clouds
Nicoya,CR,10.1483,-85.452,86.95,56,64,3.11,broken clouds
Woolgoolga,AU,-30.1106,153.2007,66.07,73,100,20.0,overcast clouds
Castillos,UY,-34.1667,-53.8333,59.45,62,100,13.51,overcast clouds
La Ronge,CA,55.1001,-105.2842,39.45,56,100,5.75,light rain
Deoli,IN,25.75,75.3833,71.94,36,5,6.11,clear sky
Ndelele,CM,4.0333,14.9333,71.42,76,99,1.72,overcast clouds
Fort St. John,CA,56.2499,-120.8529,31.89,69,40,6.91,scattered clouds
'Alaqahdari Dishu,AF,30.4374,63.313,68.18,33,20,9.89,few clouds
Tacuarembo,UY,-31.7333,-55.9833,62.55,83,100,14.32,overcast clouds
Tiznit,MA,29.5833,-9.5,70.99,32,67,3.11,broken clouds
Sumbe,AO,-11.2061,13.8437,75.22,93,100,4.36,moderate rain
Mana,GF,5.6592,-53.7767,77.63,89,69,11.56,broken clouds
Mahriz,IR,31.5917,54.4318,61.41,37,0,2.68,clear sky
Port Blair,IN,11.6667,92.75,79.75,73,95,4.83,overcast clouds
Maksatikha,RU,57.797,35.8825,38.14,88,72,4.79,broken clouds
Kununurra,AU,-15.7667,128.7333,69.78,88,20,0.0,few clouds
Holdrege,US,40.4403,-99.3698,57.25,26,0,24.16,clear sky
Ust'-Barguzin,RU,53.45,108.9833,6.37,96,41,1.1,scattered clouds
Kampung Simpang Renggam,MY,1.8278,103.3,77.83,94,73,2.33,broken clouds
Rongelap,MH,11.1635,166.8941,81.82,79,79,24.43,light rain
Karagandy,KZ,49.8019,73.1021,53.55,72,76,7.65,broken clouds
Vytegra,RU,61.0064,36.4481,34.83,95,50,4.45,scattered clouds
Chimbarongo,CL,-34.7,-71.05,78.48,30,4,5.17,clear sky
Kuta,ID,-8.7233,115.1723,80.55,89,20,6.91,few clouds
Chake Chake,TZ,-5.2459,39.7666,79.12,83,27,7.02,scattered clouds
Crane,US,31.3974,-102.3501,65.5,25,100,18.84,overcast clouds
Afzalpur,IN,17.2,76.35,87.91,32,99,14.72,overcast clouds
Ruzomberok,SK,49.0748,19.3075,41.65,92,100,1.95,overcast clouds
Sisimiut,GL,66.9395,-53.6735,9.23,87,55,7.87,broken clouds
San Antonio De Pale,GQ,-1.4014,5.6325,82.24,75,99,8.23,overcast clouds
Aykol,CN,38.1751,77.2132,59.94,23,81,2.82,broken clouds
Peace River,CA,56.2501,-117.286,35.91,64,100,3.44,overcast clouds
Souillac,MU,-20.5167,57.5167,77.38,83,40,3.44,light rain
Inyonga,TZ,-6.7167,32.0667,64.44,92,99,2.98,light rain
Saint-Pierre,RE,-21.3393,55.4781,74.88,64,20,8.05,few clouds
Peniche,PT,39.3558,-9.3811,59.2,81,61,8.03,broken clouds
Puerto Baquerizo Moreno,EC,-0.9,-89.6,83.39,74,40,2.3,scattered clouds
Callao,PE,-12.0667,-77.15,75.49,73,0,9.22,clear sky
Vuktyl,RU,63.8567,57.3094,29.23,87,99,13.11,overcast clouds
Inhambane,MZ,-23.865,35.3833,72.05,73,6,4.56,clear sky
Leh,IN,34.1667,77.5833,23.54,84,87,3.56,overcast clouds
Ambam,CM,2.3833,11.2833,68.23,99,100,2.95,light rain
Jiazi,CN,22.8779,116.067,71.94,92,97,10.16,overcast clouds
Mejit,MH,10.2753,170.8646,81.84,76,44,16.42,light rain
Enriquillo,DO,17.9,-71.2333,80.62,69,6,10.27,clear sky
Mumbwa,ZM,-14.9783,27.0619,62.58,90,88,3.47,overcast clouds
Hemsby,GB,52.6971,1.6918,55.98,73,100,30.22,overcast clouds
Kodinsk,RU,58.6881,99.1844,10.58,96,65,3.69,broken clouds
Hede,CN,33.7681,120.2517,46.92,94,77,8.97,broken clouds
Mwinilunga,ZM,-11.7358,24.4293,61.72,98,100,2.84,light rain
Porto Velho,BR,-8.7619,-63.9039,77.05,88,75,5.75,broken clouds
China,MX,25.7,-99.2333,88.81,43,57,13.96,broken clouds
Nadi,FJ,-17.8,177.4167,84.2,65,75,8.05,broken clouds
El Granada,US,37.5027,-122.4694,77.52,34,0,0.0,clear sky
Alo,NG,6.5486,4.2686,80.06,83,78,3.24,broken clouds
Sawakin,SD,19.1059,37.3321,77.56,48,3,10.27,clear sky
Grand Falls-Windsor,CA,48.9332,-55.6649,21.27,73,100,12.8,overcast clouds
Itoman,JP,26.1247,127.6694,68.02,94,75,6.91,shower rain
Willemstad,CW,12.1084,-68.9335,84.11,70,20,14.97,few clouds
Tabou,CI,4.423,-7.3528,79.99,85,54,5.73,light rain
Ebaye,MH,8.7748,167.7392,80.62,83,40,14.97,light rain
Pampa,US,35.5362,-100.9599,66.24,22,0,13.8,clear sky
Sardhana,IN,29.15,77.6167,67.28,71,95,4.14,overcast clouds
Zhirnovsk,RU,50.9845,44.7735,48.96,83,60,3.38,broken clouds
Mermoz Boabab,SN,14.7065,-17.4758,74.98,73,0,6.91,clear sky
Monkey Bay,MW,-14.0728,34.9201,72.93,79,4,13.2,clear sky
Priozersk,RU,61.0393,30.1291,36.95,100,100,6.67,overcast clouds
Malango,ID,-2.9627,119.9001,65.75,99,100,1.95,overcast clouds
Khark,IR,29.2614,50.3306,69.22,84,51,2.77,broken clouds
Tarawa,KI,1.419,172.984,84.29,79,100,14.97,overcast clouds
Karagay,RU,58.2667,54.9368,39.83,95,100,8.32,overcast clouds
Las Vegas,US,36.175,-115.1372,79.12,11,0,13.8,clear sky
Flying Fish Cove,CX,-10.4217,105.6791,78.48,94,100,6.91,light rain
Flin Flon,CA,54.7682,-101.865,42.64,49,75,3.44,broken clouds
Tucupita,VE,9.0622,-62.051,77.9,83,98,6.6,overcast clouds
Walla Walla,US,46.0646,-118.343,69.67,48,0,5.99,clear sky
Barnstable,US,41.7001,-70.2995,43.03,76,75,21.85,broken clouds
As Samawah,IQ,31.332,45.2944,65.59,36,0,9.98,clear sky
General Conesa,AR,-40.1,-64.4333,60.12,21,0,9.44,clear sky
Thinadhoo,MV,0.5333,72.9333,82.94,70,95,3.4,overcast clouds
Coruripe,BR,-10.1256,-36.1756,79.32,81,9,7.96,clear sky
Pierre,US,44.3683,-100.351,47.86,50,20,20.71,few clouds
Ingeniero Jacobacci,AR,-41.3427,-69.5448,59.58,32,12,15.43,few clouds
Suntar,RU,62.1444,117.6319,-12.05,100,98,2.44,overcast clouds
Victorica,AR,-36.2151,-65.4359,61.09,32,1,10.63,clear sky
Kitakata,JP,37.65,139.8667,55.56,95,93,3.94,overcast clouds
Gremda,TN,34.75,10.7833,55.6,100,40,4.61,scattered clouds
Loango,CG,-4.6719,11.8312,82.06,83,40,2.3,scattered clouds
Malvan,IN,16.0667,73.4667,78.85,79,45,12.17,scattered clouds
San Luis De La Loma,MX,17.2706,-100.8939,87.35,58,0,8.84,clear sky
Jacmel,HT,18.2342,-72.5347,80.67,70,19,3.71,light rain
Darhan,MN,49.4867,105.9228,25.45,54,99,1.83,overcast clouds
Spring Creek,US,40.7266,-115.5859,59.88,28,0,3.0,clear sky
Molde,NO,62.7375,7.1591,40.84,60,20,16.11,few clouds
Trincomalee,LK,8.5711,81.2335,79.54,83,99,8.77,overcast clouds
Toulepleu Guere,CI,6.574,-8.4259,77.04,81,51,3.0,broken clouds
Kuhmo,FI,64.1333,29.5167,31.32,82,26,4.7,scattered clouds
Las Heras,AR,-46.5419,-68.9359,58.68,31,5,10.54,clear sky
Beira,MZ,-19.8436,34.8389,78.89,73,20,5.75,few clouds
Sunggal,ID,3.5765,98.6151,76.98,100,40,3.44,scattered clouds
Neryungri,RU,56.6709,124.6491,10.89,97,100,1.41,overcast clouds
Maple Glen,US,40.0156,-79.9767,83.17,41,80,10.49,broken clouds
Carloforte,IT,39.145,8.3058,53.71,83,0,10.0,clear sky
Lepsy,KZ,46.235,78.9456,58.51,38,100,4.41,overcast clouds
Humaita,BR,-7.5061,-63.0208,79.2,82,100,3.42,overcast clouds
Paita,PE,-5.0892,-81.1144,77.05,73,81,13.4,broken clouds
Parkersburg,US,39.2667,-81.5615,83.01,30,75,13.8,broken clouds
General Levalle,AR,-34.0147,-63.9241,57.36,55,100,3.94,overcast clouds
George Town,MY,5.4112,100.3354,80.53,82,20,3.44,few clouds
Miri,MY,4.4148,114.0089,78.94,94,20,2.3,few clouds
Andovoranto,MG,-18.95,49.1,73.87,84,82,8.16,light rain
Mwingi,KE,-0.9344,38.0601,69.96,77,74,4.76,broken clouds
Remire-Montjoly,GF,4.9167,-52.2667,78.84,94,100,3.44,overcast clouds
Nago,JP,26.5881,127.9761,65.91,95,100,4.14,moderate rain
Dapaong,TG,10.8639,0.205,89.96,23,61,2.28,broken clouds
Mount Isa,AU,-20.7333,139.5,71.37,60,20,6.91,few clouds
Ndele,CF,8.4109,20.6473,79.02,45,70,0.58,broken clouds
Mandalgovi,MN,45.7625,106.2708,21.36,58,88,10.07,overcast clouds
Prince Rupert,CA,54.3161,-130.3201,44.69,87,75,21.85,light rain
Ostersund,SE,63.1792,14.6357,31.6,100,100,3.0,fog
St. John'S,CA,47.5649,-52.7093,27.16,89,75,20.71,light shower snow
Waingapu,ID,-9.6567,120.2641,77.88,87,87,5.68,light rain
Terrace,CA,54.5163,-128.6035,46.31,76,100,8.05,overcast clouds
Nalut,LY,30.3333,10.85,54.93,57,14,12.5,few clouds
Betio Village,KI,1.358,172.9211,84.24,77,98,18.86,overcast clouds
Puerto Aysen,CL,-45.4,-72.7,52.68,95,0,2.26,clear sky
Tommot,RU,58.9564,126.2925,8.37,98,97,1.03,overcast clouds
Dompu,ID,-8.5356,118.4622,74.35,98,97,1.32,overcast clouds
Prineville,US,44.2999,-120.8345,72.91,20,0,9.22,clear sky
Maitum,PH,6.0392,124.4986,77.94,83,60,3.2,broken clouds
Pak Phanang,TH,8.3511,100.202,72.41,76,24,5.39,few clouds
Tra Mhor,IE,52.1624,-7.1524,44.64,76,30,11.01,scattered clouds
Karatuzskoye,RU,53.6072,92.8667,29.25,98,81,3.0,broken clouds
Concepcion,CL,-36.827,-73.0498,66.0,59,0,10.36,clear sky
Alakurtti,RU,66.9672,30.3491,20.08,99,99,2.17,overcast clouds
Kenai,US,60.5544,-151.2583,33.15,55,100,13.8,overcast clouds
Smithers,CA,54.7804,-127.1743,43.12,65,75,8.05,light intensity shower rain
Atasu,KZ,48.6814,71.6433,50.38,66,49,7.92,scattered clouds
Okoneshnikovo,RU,54.8377,75.0834,44.33,81,100,9.53,overcast clouds
Tangalle,LK,6.024,80.7911,78.26,89,100,7.47,overcast clouds
Lethem,GY,3.3803,-59.7968,83.26,68,83,9.26,broken clouds
San Fernando De Apure,VE,7.8878,-67.4724,93.49,36,100,6.29,overcast clouds
Wuwei,CN,37.9281,102.6414,47.32,25,3,3.94,clear sky
Claremont,US,34.0967,-117.7198,87.91,9,0,10.36,clear sky
Malchin,DE,53.7333,12.7833,44.92,74,58,7.61,broken clouds
Morlenbach,DE,49.5992,8.7347,54.28,86,100,5.01,overcast clouds
San Andres,CO,12.5847,-81.7006,86.02,66,40,11.5,scattered clouds
Boguchany,RU,58.3814,97.4531,18.36,95,100,3.27,overcast clouds
Tari,AO,-11.1105,14.3559,65.34,99,100,1.63,moderate rain
Awjilah,LY,29.1081,21.2869,61.43,42,0,11.34,clear sky
Kushiro,JP,42.975,144.3747,43.75,100,100,1.14,fog
Tsagan Aman,RU,47.5639,46.7218,59.77,62,100,7.56,overcast clouds
Tondano,ID,1.3038,124.9112,69.89,96,95,1.1,overcast clouds
Alotau,PG,-10.3069,150.4462,75.85,97,100,5.64,overcast clouds
Taco Pozo,AR,-25.6167,-63.2833,90.01,28,18,2.44,few clouds
Plau Am See,DE,53.4582,12.2625,45.59,74,91,7.74,overcast clouds
Lazaro Cardenas,MX,17.9583,-102.2,86.68,63,6,10.51,clear sky
Balatonboglar,HU,46.7752,17.6441,53.94,71,41,12.37,scattered clouds
Gillette,US,44.2911,-105.5022,50.11,44,0,19.57,clear sky
Najran,SA,17.4924,44.1277,73.08,27,16,1.1,few clouds
San Felipe,VE,10.3399,-68.7425,80.29,78,100,8.16,light rain
Bireun,ID,5.203,96.7009,77.83,83,8,4.52,clear sky
General Villegas,AR,-35.0328,-63.0125,57.09,58,22,7.52,few clouds
Ad Dilam,SA,23.9915,47.1627,74.75,53,99,20.24,overcast clouds
Grand-Popo,BJ,6.2804,1.8225,82.26,78,58,7.29,broken clouds
Port Augusta,AU,-32.5,137.7667,70.95,43,85,2.21,overcast clouds
Mar Del Plata,AR,-38.0023,-57.5575,59.09,63,75,12.66,broken clouds
Huangshan,CN,29.7114,118.3125,55.51,89,3,2.39,clear sky
Dolinsk,RU,47.35,142.8,28.65,98,100,11.54,snow
Yanykurgan,KZ,43.915,67.2481,58.53,46,31,7.7,scattered clouds
Umm Kaddadah,SD,13.6017,26.6876,87.67,16,93,24.43,overcast clouds
Zaragoza,ES,41.6561,-0.8773,64.02,36,0,1.99,clear sky
Shorapur,IN,16.5167,76.75,86.88,33,100,10.89,overcast clouds
Greymouth,NZ,-42.4667,171.2,59.25,77,100,10.33,overcast clouds
Rehoboth,NA,-23.3167,17.0833,73.71,50,51,5.48,broken clouds
Maumere,ID,-8.6199,122.2111,78.06,80,65,1.39,broken clouds
Al Qadarif,SD,14.0349,35.3834,87.49,36,88,3.42,overcast clouds
Volchansk,RU,59.9378,60.081,42.44,88,100,7.74,overcast clouds
Aldan,RU,58.6031,125.3894,12.31,92,100,1.39,overcast clouds
Qarauyl,KZ,48.9451,79.255,49.86,33,100,5.23,overcast clouds
Gizo,SB,-8.103,156.8419,82.15,78,100,16.17,light rain
Kupino,RU,54.3663,77.2981,37.27,87,100,10.94,overcast clouds
Aral,CN,40.5156,81.2636,66.7,20,91,8.19,overcast clouds
Kapit,MY,2.0167,112.9333,73.83,100,100,0.83,overcast clouds
Camana,PE,-16.6228,-72.7111,73.87,78,5,6.55,clear sky
La Sarre,CA,48.8002,-79.1996,30.65,97,100,13.98,light snow
Quibala,AO,-10.7337,14.98,63.59,99,100,2.95,light rain
Ternate,ID,0.8,127.4,79.09,84,90,5.35,overcast clouds
Ivdel',RU,60.6911,60.4206,43.61,89,90,6.24,overcast clouds
Aztec,US,36.8222,-107.9929,63.21,14,0,5.84,clear sky
Nuuk,GL,64.1835,-51.7216,18.21,62,20,8.05,few clouds
Vorgashor,RU,67.5833,63.95,21.83,92,95,9.1,overcast clouds
Centralina,BR,-18.5839,-49.1994,77.09,69,49,5.12,scattered clouds
Yaren,NR,-0.5472,166.916,83.34,71,97,8.86,overcast clouds
Ajdabiya,LY,30.7554,20.2263,59.36,67,0,5.48,clear sky
Atar,MR,20.5169,-13.0499,85.98,17,23,4.05,few clouds
Tome,CL,-36.6167,-72.95,65.01,78,98,4.97,overcast clouds
Qamdo,CN,31.1667,97.2333,34.21,69,92,3.22,overcast clouds
Magadan,RU,59.5667,150.8,28.06,95,100,6.73,light snow
Poso,ID,-1.3959,120.7524,76.15,82,61,4.63,broken clouds
Mahina,PF,-17.5065,-149.489,85.77,70,75,9.22,broken clouds
Tinajo,ES,29.0788,-13.7081,65.28,77,0,2.3,light rain
Island Harbour,GB,50.724,-1.2758,53.98,80,100,14.0,overcast clouds
Dungarvan,IE,52.0881,-7.6253,43.9,74,25,18.59,scattered clouds
Mata-Utu,WF,-13.2816,-176.1745,83.62,74,98,10.31,light rain
Bintulu,MY,3.1667,113.0333,77.41,100,20,3.44,few clouds
Kavaratti,IN,10.5669,72.642,82.53,75,36,7.78,scattered clouds
Tongliao,CN,43.6125,122.2653,41.49,53,91,20.13,overcast clouds
Diego De Almagro,CL,-26.3667,-70.05,73.98,36,0,7.96,clear sky
Maridi,SS,4.9158,29.4742,68.61,94,96,2.55,light rain
Saldanha,ZA,-33.0117,17.9442,59.05,85,0,7.76,clear sky
Muynoq,UZ,43.7683,59.0214,57.76,54,62,13.87,broken clouds
Al Jubayl,SA,27.0112,49.6583,68.36,84,100,10.69,overcast clouds
Lira,UG,2.235,32.9097,70.32,63,84,3.11,broken clouds
Mosjoen,NO,65.836,13.1908,34.32,86,100,5.01,overcast clouds
Piterka,RU,50.6803,47.4454,47.79,93,91,2.82,overcast clouds
Razole,IN,16.4833,81.8333,76.46,86,92,1.9,overcast clouds
Auki,SB,-8.7676,160.7034,77.45,93,100,5.7,overcast clouds
Yuzhne,UA,46.6221,31.1013,49.48,63,3,8.99,clear sky
Kongolo,CD,-5.3833,27.0,69.76,97,100,1.7,overcast clouds
Sechura,PE,-5.5569,-80.8222,81.03,62,47,14.25,scattered clouds
Beitbridge,ZW,-22.2167,30.0,71.82,50,0,3.89,clear sky
Abeche,TD,13.8292,20.8324,84.06,40,100,4.21,overcast clouds
Bodo,NO,67.28,14.405,38.95,69,40,6.91,scattered clouds
Sirjan,IR,29.452,55.6814,55.31,74,71,7.25,light rain
Torbali,TR,38.1519,27.3622,54.63,94,100,2.24,overcast clouds
Wagar,SD,16.1525,36.2032,80.26,52,17,19.3,few clouds
Asekeyevo,RU,53.5742,52.7972,41.07,86,44,1.12,scattered clouds
Taoudenni,ML,22.6783,-3.9836,79.63,11,0,10.27,clear sky
Cuyo,PH,10.8525,121.0086,80.92,75,92,6.2,overcast clouds
Lata,PT,40.1629,-8.3327,59.2,66,70,1.01,broken clouds
Gemena,CD,3.25,19.7667,69.89,93,100,2.08,light rain
Kuala Terengganu,MY,5.3302,103.1408,78.75,89,20,3.44,few clouds
Coronel Dorrego,AR,-38.7187,-61.2873,52.83,49,4,3.8,clear sky
Pleiku,VN,13.9833,108.0,68.59,56,4,2.53,clear sky
Rizokarpaso,CY,35.6,34.375,54.81,76,2,15.46,clear sky
Jianshui,CN,23.6363,102.8264,65.89,49,28,10.6,scattered clouds
Kayyerkan,RU,69.3786,87.7439,18.7,83,100,16.89,overcast clouds
Hengshui,CN,37.7322,115.7011,49.8,47,0,7.52,clear sky
Bandon,IE,51.7469,-8.7425,42.39,75,52,14.32,broken clouds
Moyynkum,KZ,44.2914,72.9469,58.95,72,100,6.17,overcast clouds
Kuanda,RU,56.3161,116.0806,9.25,96,100,4.94,light snow
Balod,IN,20.73,81.2047,74.23,69,100,2.57,overcast clouds
Namtsy,RU,62.7161,129.6658,-2.0,100,99,2.24,overcast clouds
Galle,LK,6.0367,80.217,82.02,77,100,9.28,overcast clouds
Mikuni,JP,36.2171,136.1519,52.41,89,100,5.12,overcast clouds
Itamarandiba,BR,-17.8572,-42.8589,68.02,97,89,4.47,overcast clouds
Lashio,MM,22.9333,97.75,67.41,59,16,0.27,few clouds
Vega De Alatorre,MX,20.0333,-96.6333,86.23,70,29,12.28,scattered clouds
Zarand,IR,30.8127,56.564,60.24,57,100,5.99,overcast clouds
Makassar,ID,-5.14,119.4221,75.25,94,40,3.44,scattered clouds
Surgut,RU,61.25,73.4167,37.58,100,100,6.71,fog
Abilene,US,32.4487,-99.7331,69.08,34,0,20.71,clear sky
Asosa,ET,10.0667,34.5333,65.17,84,100,3.22,overcast clouds
San Vicente De Canete,PE,-13.0751,-76.3835,73.74,73,37,4.9,scattered clouds
Itaituba,BR,-4.2761,-55.9836,91.56,55,20,4.61,few clouds
Ulsteinvik,NO,62.3432,5.8487,41.31,77,72,1.99,broken clouds
Tsiombe,MG,-25.3,45.4833,69.76,62,0,10.42,clear sky
Ploudalmezeau,FR,48.5333,-4.65,53.98,87,100,20.71,overcast clouds
Alofi,NU,-19.0595,-169.9187,84.09,70,99,8.05,overcast clouds
Yelizovo,RU,53.1873,158.3805,33.94,51,40,15.66,scattered clouds
Brisas De Zicatela,MX,15.8369,-97.0419,88.32,58,0,11.5,clear sky
Ambovombe,MG,-25.1667,46.0833,70.32,61,1,14.07,clear sky
Ketchikan,US,55.3422,-131.6461,43.34,94,100,18.41,moderate rain
Usevia,TZ,-7.1,31.2333,66.09,94,100,2.44,overcast clouds
Pisek,CZ,49.3088,14.1475,49.28,87,43,2.89,scattered clouds
Vila Franca Do Campo,PT,37.7167,-25.4333,59.88,68,87,0.96,overcast clouds
Severo-Yeniseyskiy,RU,60.3725,93.0408,26.82,97,100,5.77,light snow
Al Mutayrifi,SA,25.4788,49.5576,73.74,79,94,8.99,overcast clouds
Rzepin,PL,52.3464,14.8323,40.17,70,33,5.79,scattered clouds
Hovd,MN,48.0056,91.6419,39.4,27,29,0.85,scattered clouds
Port Macquarie,AU,-31.4333,152.9167,65.07,91,84,4.0,broken clouds
Nizhnyaya Tavda,RU,57.6731,66.1725,45.55,94,100,6.13,overcast clouds
Yuncheng,CN,35.0231,110.9928,53.96,49,76,1.83,broken clouds
Shimoda,JP,34.6667,138.95,64.27,95,100,15.19,overcast clouds
Edmonton,CA,53.5501,-113.4687,47.57,47,100,12.66,overcast clouds
Al Kharijah,EG,25.4514,30.5464,65.57,15,97,8.05,overcast clouds
Tafuna,AS,-14.3358,-170.72,87.75,79,40,5.01,scattered clouds
